{
    "generation-by" : "PARA, PopcornSAR",
    "autosar-version" : "R20-11",
    "manifest-type" : "communication-management-manifest",
    "service-protocol" : "someip",
    "connector" : "wlo1",
    "unicast-address" : "127.0.0.1",
    "tcp-port" : "21002",
    "udp-port" : "21002",
    "skeletons" : [
        {
            "service-id" : "82",
            "instance-id" : "1",
            "major-version" : "1",
            "minor-version" : "0",
            "sd-server-timing" : {
                "initial-delay-min" : "0.1",
                "initial-delay-max" : "0.2",
                "repetition-base" : "0.1",
                "repetition-max" : "3",
                "offer-cyclic" : "0.5",
                "ttl" : "16777215",
                "req-resp-delay-min" : "0.0",
                "req-resp-delay-max" : "0.0"
            },
            "eventgroups" : [
                {
                    "eventgroup-id" : "1",
                    "events" : ["1"],
                    "threshold" : "0",
                    "multicast-address" : "undefined",
                    "multicast-udp-port" : "0",
                    "req-resp-delay-min" : "0.0",
                    "req-resp-delay-max" : "0.0"
                }
            ],
            "e2e-event-protection-props" : [
            ],
            "e2e-method-protection-props" : [
            ]
        }
    ],
    "proxies" : [
    ],
    "secure-com-props-for-tcp" : [
    ],
    "secure-com-props-for-udp" : [
    ]
}
