{
    "generation-by" : "PARA, PopcornSAR",
    "autosar-version" : "R20-11",
    "manifest-type" : "service-instance-manifest",
    "port-type" : "pport",
    "instance-specifier" : "Lidar/AA/PPortLidar",
    "service-protocol" : "someip",
    "service-name" : "SvLidar",
    "service-id" : "81",
    "instance-id" : "1",
    "major-version" : "1",
    "minor-version" : "0",
    "client-id" : "undefined",
    "events" : [
    ],
    "methods" : [
    ],
    "fields" : [
        {
            "name" : "LField",
            "getter" : {
                "method-id" : "1",
                "transport" : "udp",
                "req-max-segment-len" : "0",
                "req-separation-time" : "0.0",
                "resp-max-segment-len" : "0",
                "resp-separation-time" : "0.0"
            },
            "setter" : {
                "method-id" : "2",
                "transport" : "udp",
                "req-max-segment-len" : "0",
                "req-separation-time" : "0.0",
                "resp-max-segment-len" : "0",
                "resp-separation-time" : "0.0"
            },
            "notifier" : {
                "event-id" : "1",
                "transport" : "udp",
                "max-segment-len" : "0",
                "separation-time" : "0.0"
            }
        }
    ]
}
