{
  "package_name": "deepracer_interfaces_pkg",
  "output_dir": "/media/deepracer/wook/FinalCode/Deep_pkgAA/build/deepracer_interfaces_pkg/rosidl_generator_cpp/deepracer_interfaces_pkg",
  "template_dir": "/opt/ros/foxy/share/rosidl_generator_cpp/cmake/../resource",
  "idl_tuples": [
    "/media/deepracer/wook/FinalCode/Deep_pkgAA/build/deepracer_interfaces_pkg/rosidl_adapter/deepracer_interfaces_pkg:msg/CameraMsg.idl",
    "/media/deepracer/wook/FinalCode/Deep_pkgAA/build/deepracer_interfaces_pkg/rosidl_adapter/deepracer_interfaces_pkg:msg/InferResults.idl",
    "/media/deepracer/wook/FinalCode/Deep_pkgAA/build/deepracer_interfaces_pkg/rosidl_adapter/deepracer_interfaces_pkg:msg/InferResultsArray.idl",
    "/media/deepracer/wook/FinalCode/Deep_pkgAA/build/deepracer_interfaces_pkg/rosidl_adapter/deepracer_interfaces_pkg:msg/EvoSensorMsg.idl",
    "/media/deepracer/wook/FinalCode/Deep_pkgAA/build/deepracer_interfaces_pkg/rosidl_adapter/deepracer_interfaces_pkg:msg/ServoCtrlMsg.idl",
    "/media/deepracer/wook/FinalCode/Deep_pkgAA/build/deepracer_interfaces_pkg/rosidl_adapter/deepracer_interfaces_pkg:msg/NetworkConnectionStatus.idl",
    "/media/deepracer/wook/FinalCode/Deep_pkgAA/build/deepracer_interfaces_pkg/rosidl_adapter/deepracer_interfaces_pkg:msg/SoftwareUpdatePctMsg.idl",
    "/media/deepracer/wook/FinalCode/Deep_pkgAA/build/deepracer_interfaces_pkg/rosidl_adapter/deepracer_interfaces_pkg:msg/USBFileSystemNotificationMsg.idl",
    "/media/deepracer/wook/FinalCode/Deep_pkgAA/build/deepracer_interfaces_pkg/rosidl_adapter/deepracer_interfaces_pkg:srv/ActiveStateSrv.idl",
    "/media/deepracer/wook/FinalCode/Deep_pkgAA/build/deepracer_interfaces_pkg/rosidl_adapter/deepracer_interfaces_pkg:srv/BatteryLevelSrv.idl",
    "/media/deepracer/wook/FinalCode/Deep_pkgAA/build/deepracer_interfaces_pkg/rosidl_adapter/deepracer_interfaces_pkg:srv/BeginSoftwareUpdateSrv.idl",
    "/media/deepracer/wook/FinalCode/Deep_pkgAA/build/deepracer_interfaces_pkg/rosidl_adapter/deepracer_interfaces_pkg:srv/ConsoleModelActionSrv.idl",
    "/media/deepracer/wook/FinalCode/Deep_pkgAA/build/deepracer_interfaces_pkg/rosidl_adapter/deepracer_interfaces_pkg:srv/EnableStateSrv.idl",
    "/media/deepracer/wook/FinalCode/Deep_pkgAA/build/deepracer_interfaces_pkg/rosidl_adapter/deepracer_interfaces_pkg:srv/GetCalibrationSrv.idl",
    "/media/deepracer/wook/FinalCode/Deep_pkgAA/build/deepracer_interfaces_pkg/rosidl_adapter/deepracer_interfaces_pkg:srv/GetDeviceInfoSrv.idl",
    "/media/deepracer/wook/FinalCode/Deep_pkgAA/build/deepracer_interfaces_pkg/rosidl_adapter/deepracer_interfaces_pkg:srv/GetLedCtrlSrv.idl",
    "/media/deepracer/wook/FinalCode/Deep_pkgAA/build/deepracer_interfaces_pkg/rosidl_adapter/deepracer_interfaces_pkg:srv/GetModelLoadingStatusSrv.idl",
    "/media/deepracer/wook/FinalCode/Deep_pkgAA/build/deepracer_interfaces_pkg/rosidl_adapter/deepracer_interfaces_pkg:srv/InferenceStateSrv.idl",
    "/media/deepracer/wook/FinalCode/Deep_pkgAA/build/deepracer_interfaces_pkg/rosidl_adapter/deepracer_interfaces_pkg:srv/LidarConfigSrv.idl",
    "/media/deepracer/wook/FinalCode/Deep_pkgAA/build/deepracer_interfaces_pkg/rosidl_adapter/deepracer_interfaces_pkg:srv/LoadModelSrv.idl",
    "/media/deepracer/wook/FinalCode/Deep_pkgAA/build/deepracer_interfaces_pkg/rosidl_adapter/deepracer_interfaces_pkg:srv/ModelOptimizeSrv.idl",
    "/media/deepracer/wook/FinalCode/Deep_pkgAA/build/deepracer_interfaces_pkg/rosidl_adapter/deepracer_interfaces_pkg:srv/ModelStateSrv.idl",
    "/media/deepracer/wook/FinalCode/Deep_pkgAA/build/deepracer_interfaces_pkg/rosidl_adapter/deepracer_interfaces_pkg:srv/NavThrottleSrv.idl",
    "/media/deepracer/wook/FinalCode/Deep_pkgAA/build/deepracer_interfaces_pkg/rosidl_adapter/deepracer_interfaces_pkg:srv/OTGLinkStateSrv.idl",
    "/media/deepracer/wook/FinalCode/Deep_pkgAA/build/deepracer_interfaces_pkg/rosidl_adapter/deepracer_interfaces_pkg:srv/SensorStatusCheckSrv.idl",
    "/media/deepracer/wook/FinalCode/Deep_pkgAA/build/deepracer_interfaces_pkg/rosidl_adapter/deepracer_interfaces_pkg:srv/SetCalibrationSrv.idl",
    "/media/deepracer/wook/FinalCode/Deep_pkgAA/build/deepracer_interfaces_pkg/rosidl_adapter/deepracer_interfaces_pkg:srv/ServoGPIOSrv.idl",
    "/media/deepracer/wook/FinalCode/Deep_pkgAA/build/deepracer_interfaces_pkg/rosidl_adapter/deepracer_interfaces_pkg:srv/SetLedCtrlSrv.idl",
    "/media/deepracer/wook/FinalCode/Deep_pkgAA/build/deepracer_interfaces_pkg/rosidl_adapter/deepracer_interfaces_pkg:srv/SetStatusLedBlinkSrv.idl",
    "/media/deepracer/wook/FinalCode/Deep_pkgAA/build/deepracer_interfaces_pkg/rosidl_adapter/deepracer_interfaces_pkg:srv/SetStatusLedSolidSrv.idl",
    "/media/deepracer/wook/FinalCode/Deep_pkgAA/build/deepracer_interfaces_pkg/rosidl_adapter/deepracer_interfaces_pkg:srv/SoftwareUpdateCheckSrv.idl",
    "/media/deepracer/wook/FinalCode/Deep_pkgAA/build/deepracer_interfaces_pkg/rosidl_adapter/deepracer_interfaces_pkg:srv/SoftwareUpdateStateSrv.idl",
    "/media/deepracer/wook/FinalCode/Deep_pkgAA/build/deepracer_interfaces_pkg/rosidl_adapter/deepracer_interfaces_pkg:srv/USBFileSystemSubscribeSrv.idl",
    "/media/deepracer/wook/FinalCode/Deep_pkgAA/build/deepracer_interfaces_pkg/rosidl_adapter/deepracer_interfaces_pkg:srv/USBMountPointManagerSrv.idl",
    "/media/deepracer/wook/FinalCode/Deep_pkgAA/build/deepracer_interfaces_pkg/rosidl_adapter/deepracer_interfaces_pkg:srv/VerifyModelReadySrv.idl",
    "/media/deepracer/wook/FinalCode/Deep_pkgAA/build/deepracer_interfaces_pkg/rosidl_adapter/deepracer_interfaces_pkg:srv/VideoStateSrv.idl",
    "/media/deepracer/wook/FinalCode/Deep_pkgAA/build/deepracer_interfaces_pkg/rosidl_adapter/deepracer_interfaces_pkg:srv/GetCtrlModesSrv.idl"
  ],
  "ros_interface_dependencies": [
    "builtin_interfaces:/opt/ros/foxy/share/builtin_interfaces/msg/Duration.idl",
    "builtin_interfaces:/opt/ros/foxy/share/builtin_interfaces/msg/Time.idl",
    "std_msgs:/opt/ros/foxy/share/std_msgs/msg/Bool.idl",
    "std_msgs:/opt/ros/foxy/share/std_msgs/msg/Byte.idl",
    "std_msgs:/opt/ros/foxy/share/std_msgs/msg/ByteMultiArray.idl",
    "std_msgs:/opt/ros/foxy/share/std_msgs/msg/Char.idl",
    "std_msgs:/opt/ros/foxy/share/std_msgs/msg/ColorRGBA.idl",
    "std_msgs:/opt/ros/foxy/share/std_msgs/msg/Empty.idl",
    "std_msgs:/opt/ros/foxy/share/std_msgs/msg/Float32.idl",
    "std_msgs:/opt/ros/foxy/share/std_msgs/msg/Float32MultiArray.idl",
    "std_msgs:/opt/ros/foxy/share/std_msgs/msg/Float64.idl",
    "std_msgs:/opt/ros/foxy/share/std_msgs/msg/Float64MultiArray.idl",
    "std_msgs:/opt/ros/foxy/share/std_msgs/msg/Header.idl",
    "std_msgs:/opt/ros/foxy/share/std_msgs/msg/Int16.idl",
    "std_msgs:/opt/ros/foxy/share/std_msgs/msg/Int16MultiArray.idl",
    "std_msgs:/opt/ros/foxy/share/std_msgs/msg/Int32.idl",
    "std_msgs:/opt/ros/foxy/share/std_msgs/msg/Int32MultiArray.idl",
    "std_msgs:/opt/ros/foxy/share/std_msgs/msg/Int64.idl",
    "std_msgs:/opt/ros/foxy/share/std_msgs/msg/Int64MultiArray.idl",
    "std_msgs:/opt/ros/foxy/share/std_msgs/msg/Int8.idl",
    "std_msgs:/opt/ros/foxy/share/std_msgs/msg/Int8MultiArray.idl",
    "std_msgs:/opt/ros/foxy/share/std_msgs/msg/MultiArrayDimension.idl",
    "std_msgs:/opt/ros/foxy/share/std_msgs/msg/MultiArrayLayout.idl",
    "std_msgs:/opt/ros/foxy/share/std_msgs/msg/String.idl",
    "std_msgs:/opt/ros/foxy/share/std_msgs/msg/UInt16.idl",
    "std_msgs:/opt/ros/foxy/share/std_msgs/msg/UInt16MultiArray.idl",
    "std_msgs:/opt/ros/foxy/share/std_msgs/msg/UInt32.idl",
    "std_msgs:/opt/ros/foxy/share/std_msgs/msg/UInt32MultiArray.idl",
    "std_msgs:/opt/ros/foxy/share/std_msgs/msg/UInt64.idl",
    "std_msgs:/opt/ros/foxy/share/std_msgs/msg/UInt64MultiArray.idl",
    "std_msgs:/opt/ros/foxy/share/std_msgs/msg/UInt8.idl",
    "std_msgs:/opt/ros/foxy/share/std_msgs/msg/UInt8MultiArray.idl",
    "sensor_msgs:/opt/ros/foxy/share/sensor_msgs/msg/BatteryState.idl",
    "sensor_msgs:/opt/ros/foxy/share/sensor_msgs/msg/CameraInfo.idl",
    "sensor_msgs:/opt/ros/foxy/share/sensor_msgs/msg/ChannelFloat32.idl",
    "sensor_msgs:/opt/ros/foxy/share/sensor_msgs/msg/CompressedImage.idl",
    "sensor_msgs:/opt/ros/foxy/share/sensor_msgs/msg/FluidPressure.idl",
    "sensor_msgs:/opt/ros/foxy/share/sensor_msgs/msg/Illuminance.idl",
    "sensor_msgs:/opt/ros/foxy/share/sensor_msgs/msg/Image.idl",
    "sensor_msgs:/opt/ros/foxy/share/sensor_msgs/msg/Imu.idl",
    "sensor_msgs:/opt/ros/foxy/share/sensor_msgs/msg/JointState.idl",
    "sensor_msgs:/opt/ros/foxy/share/sensor_msgs/msg/Joy.idl",
    "sensor_msgs:/opt/ros/foxy/share/sensor_msgs/msg/JoyFeedback.idl",
    "sensor_msgs:/opt/ros/foxy/share/sensor_msgs/msg/JoyFeedbackArray.idl",
    "sensor_msgs:/opt/ros/foxy/share/sensor_msgs/msg/LaserEcho.idl",
    "sensor_msgs:/opt/ros/foxy/share/sensor_msgs/msg/LaserScan.idl",
    "sensor_msgs:/opt/ros/foxy/share/sensor_msgs/msg/MagneticField.idl",
    "sensor_msgs:/opt/ros/foxy/share/sensor_msgs/msg/MultiDOFJointState.idl",
    "sensor_msgs:/opt/ros/foxy/share/sensor_msgs/msg/MultiEchoLaserScan.idl",
    "sensor_msgs:/opt/ros/foxy/share/sensor_msgs/msg/NavSatFix.idl",
    "sensor_msgs:/opt/ros/foxy/share/sensor_msgs/msg/NavSatStatus.idl",
    "sensor_msgs:/opt/ros/foxy/share/sensor_msgs/msg/PointCloud.idl",
    "sensor_msgs:/opt/ros/foxy/share/sensor_msgs/msg/PointCloud2.idl",
    "sensor_msgs:/opt/ros/foxy/share/sensor_msgs/msg/PointField.idl",
    "sensor_msgs:/opt/ros/foxy/share/sensor_msgs/msg/Range.idl",
    "sensor_msgs:/opt/ros/foxy/share/sensor_msgs/msg/RegionOfInterest.idl",
    "sensor_msgs:/opt/ros/foxy/share/sensor_msgs/msg/RelativeHumidity.idl",
    "sensor_msgs:/opt/ros/foxy/share/sensor_msgs/msg/Temperature.idl",
    "sensor_msgs:/opt/ros/foxy/share/sensor_msgs/msg/TimeReference.idl",
    "sensor_msgs:/opt/ros/foxy/share/sensor_msgs/srv/SetCameraInfo.idl",
    "geometry_msgs:/opt/ros/foxy/share/geometry_msgs/msg/Accel.idl",
    "geometry_msgs:/opt/ros/foxy/share/geometry_msgs/msg/AccelStamped.idl",
    "geometry_msgs:/opt/ros/foxy/share/geometry_msgs/msg/AccelWithCovariance.idl",
    "geometry_msgs:/opt/ros/foxy/share/geometry_msgs/msg/AccelWithCovarianceStamped.idl",
    "geometry_msgs:/opt/ros/foxy/share/geometry_msgs/msg/Inertia.idl",
    "geometry_msgs:/opt/ros/foxy/share/geometry_msgs/msg/InertiaStamped.idl",
    "geometry_msgs:/opt/ros/foxy/share/geometry_msgs/msg/Point.idl",
    "geometry_msgs:/opt/ros/foxy/share/geometry_msgs/msg/Point32.idl",
    "geometry_msgs:/opt/ros/foxy/share/geometry_msgs/msg/PointStamped.idl",
    "geometry_msgs:/opt/ros/foxy/share/geometry_msgs/msg/Polygon.idl",
    "geometry_msgs:/opt/ros/foxy/share/geometry_msgs/msg/PolygonStamped.idl",
    "geometry_msgs:/opt/ros/foxy/share/geometry_msgs/msg/Pose.idl",
    "geometry_msgs:/opt/ros/foxy/share/geometry_msgs/msg/Pose2D.idl",
    "geometry_msgs:/opt/ros/foxy/share/geometry_msgs/msg/PoseArray.idl",
    "geometry_msgs:/opt/ros/foxy/share/geometry_msgs/msg/PoseStamped.idl",
    "geometry_msgs:/opt/ros/foxy/share/geometry_msgs/msg/PoseWithCovariance.idl",
    "geometry_msgs:/opt/ros/foxy/share/geometry_msgs/msg/PoseWithCovarianceStamped.idl",
    "geometry_msgs:/opt/ros/foxy/share/geometry_msgs/msg/Quaternion.idl",
    "geometry_msgs:/opt/ros/foxy/share/geometry_msgs/msg/QuaternionStamped.idl",
    "geometry_msgs:/opt/ros/foxy/share/geometry_msgs/msg/Transform.idl",
    "geometry_msgs:/opt/ros/foxy/share/geometry_msgs/msg/TransformStamped.idl",
    "geometry_msgs:/opt/ros/foxy/share/geometry_msgs/msg/Twist.idl",
    "geometry_msgs:/opt/ros/foxy/share/geometry_msgs/msg/TwistStamped.idl",
    "geometry_msgs:/opt/ros/foxy/share/geometry_msgs/msg/TwistWithCovariance.idl",
    "geometry_msgs:/opt/ros/foxy/share/geometry_msgs/msg/TwistWithCovarianceStamped.idl",
    "geometry_msgs:/opt/ros/foxy/share/geometry_msgs/msg/Vector3.idl",
    "geometry_msgs:/opt/ros/foxy/share/geometry_msgs/msg/Vector3Stamped.idl",
    "geometry_msgs:/opt/ros/foxy/share/geometry_msgs/msg/Wrench.idl",
    "geometry_msgs:/opt/ros/foxy/share/geometry_msgs/msg/WrenchStamped.idl"
  ],
  "target_dependencies": [
    "/opt/ros/foxy/share/rosidl_generator_cpp/cmake/../../../lib/rosidl_generator_cpp/rosidl_generator_cpp",
    "/opt/ros/foxy/share/rosidl_generator_cpp/cmake/../../../lib/python3.8/site-packages/rosidl_generator_cpp/__init__.py",
    "/opt/ros/foxy/share/rosidl_generator_cpp/cmake/../resource/action__builder.hpp.em",
    "/opt/ros/foxy/share/rosidl_generator_cpp/cmake/../resource/action__struct.hpp.em",
    "/opt/ros/foxy/share/rosidl_generator_cpp/cmake/../resource/action__traits.hpp.em",
    "/opt/ros/foxy/share/rosidl_generator_cpp/cmake/../resource/idl.hpp.em",
    "/opt/ros/foxy/share/rosidl_generator_cpp/cmake/../resource/idl__builder.hpp.em",
    "/opt/ros/foxy/share/rosidl_generator_cpp/cmake/../resource/idl__struct.hpp.em",
    "/opt/ros/foxy/share/rosidl_generator_cpp/cmake/../resource/idl__traits.hpp.em",
    "/opt/ros/foxy/share/rosidl_generator_cpp/cmake/../resource/msg__builder.hpp.em",
    "/opt/ros/foxy/share/rosidl_generator_cpp/cmake/../resource/msg__struct.hpp.em",
    "/opt/ros/foxy/share/rosidl_generator_cpp/cmake/../resource/msg__traits.hpp.em",
    "/opt/ros/foxy/share/rosidl_generator_cpp/cmake/../resource/srv__builder.hpp.em",
    "/opt/ros/foxy/share/rosidl_generator_cpp/cmake/../resource/srv__struct.hpp.em",
    "/opt/ros/foxy/share/rosidl_generator_cpp/cmake/../resource/srv__traits.hpp.em",
    "/media/deepracer/wook/FinalCode/Deep_pkgAA/build/deepracer_interfaces_pkg/rosidl_adapter/deepracer_interfaces_pkg/msg/CameraMsg.idl",
    "/media/deepracer/wook/FinalCode/Deep_pkgAA/build/deepracer_interfaces_pkg/rosidl_adapter/deepracer_interfaces_pkg/msg/InferResults.idl",
    "/media/deepracer/wook/FinalCode/Deep_pkgAA/build/deepracer_interfaces_pkg/rosidl_adapter/deepracer_interfaces_pkg/msg/InferResultsArray.idl",
    "/media/deepracer/wook/FinalCode/Deep_pkgAA/build/deepracer_interfaces_pkg/rosidl_adapter/deepracer_interfaces_pkg/msg/EvoSensorMsg.idl",
    "/media/deepracer/wook/FinalCode/Deep_pkgAA/build/deepracer_interfaces_pkg/rosidl_adapter/deepracer_interfaces_pkg/msg/ServoCtrlMsg.idl",
    "/media/deepracer/wook/FinalCode/Deep_pkgAA/build/deepracer_interfaces_pkg/rosidl_adapter/deepracer_interfaces_pkg/msg/NetworkConnectionStatus.idl",
    "/media/deepracer/wook/FinalCode/Deep_pkgAA/build/deepracer_interfaces_pkg/rosidl_adapter/deepracer_interfaces_pkg/msg/SoftwareUpdatePctMsg.idl",
    "/media/deepracer/wook/FinalCode/Deep_pkgAA/build/deepracer_interfaces_pkg/rosidl_adapter/deepracer_interfaces_pkg/msg/USBFileSystemNotificationMsg.idl",
    "/media/deepracer/wook/FinalCode/Deep_pkgAA/build/deepracer_interfaces_pkg/rosidl_adapter/deepracer_interfaces_pkg/srv/ActiveStateSrv.idl",
    "/media/deepracer/wook/FinalCode/Deep_pkgAA/build/deepracer_interfaces_pkg/rosidl_adapter/deepracer_interfaces_pkg/srv/BatteryLevelSrv.idl",
    "/media/deepracer/wook/FinalCode/Deep_pkgAA/build/deepracer_interfaces_pkg/rosidl_adapter/deepracer_interfaces_pkg/srv/BeginSoftwareUpdateSrv.idl",
    "/media/deepracer/wook/FinalCode/Deep_pkgAA/build/deepracer_interfaces_pkg/rosidl_adapter/deepracer_interfaces_pkg/srv/ConsoleModelActionSrv.idl",
    "/media/deepracer/wook/FinalCode/Deep_pkgAA/build/deepracer_interfaces_pkg/rosidl_adapter/deepracer_interfaces_pkg/srv/EnableStateSrv.idl",
    "/media/deepracer/wook/FinalCode/Deep_pkgAA/build/deepracer_interfaces_pkg/rosidl_adapter/deepracer_interfaces_pkg/srv/GetCalibrationSrv.idl",
    "/media/deepracer/wook/FinalCode/Deep_pkgAA/build/deepracer_interfaces_pkg/rosidl_adapter/deepracer_interfaces_pkg/srv/GetDeviceInfoSrv.idl",
    "/media/deepracer/wook/FinalCode/Deep_pkgAA/build/deepracer_interfaces_pkg/rosidl_adapter/deepracer_interfaces_pkg/srv/GetLedCtrlSrv.idl",
    "/media/deepracer/wook/FinalCode/Deep_pkgAA/build/deepracer_interfaces_pkg/rosidl_adapter/deepracer_interfaces_pkg/srv/GetModelLoadingStatusSrv.idl",
    "/media/deepracer/wook/FinalCode/Deep_pkgAA/build/deepracer_interfaces_pkg/rosidl_adapter/deepracer_interfaces_pkg/srv/InferenceStateSrv.idl",
    "/media/deepracer/wook/FinalCode/Deep_pkgAA/build/deepracer_interfaces_pkg/rosidl_adapter/deepracer_interfaces_pkg/srv/LidarConfigSrv.idl",
    "/media/deepracer/wook/FinalCode/Deep_pkgAA/build/deepracer_interfaces_pkg/rosidl_adapter/deepracer_interfaces_pkg/srv/LoadModelSrv.idl",
    "/media/deepracer/wook/FinalCode/Deep_pkgAA/build/deepracer_interfaces_pkg/rosidl_adapter/deepracer_interfaces_pkg/srv/ModelOptimizeSrv.idl",
    "/media/deepracer/wook/FinalCode/Deep_pkgAA/build/deepracer_interfaces_pkg/rosidl_adapter/deepracer_interfaces_pkg/srv/ModelStateSrv.idl",
    "/media/deepracer/wook/FinalCode/Deep_pkgAA/build/deepracer_interfaces_pkg/rosidl_adapter/deepracer_interfaces_pkg/srv/NavThrottleSrv.idl",
    "/media/deepracer/wook/FinalCode/Deep_pkgAA/build/deepracer_interfaces_pkg/rosidl_adapter/deepracer_interfaces_pkg/srv/OTGLinkStateSrv.idl",
    "/media/deepracer/wook/FinalCode/Deep_pkgAA/build/deepracer_interfaces_pkg/rosidl_adapter/deepracer_interfaces_pkg/srv/SensorStatusCheckSrv.idl",
    "/media/deepracer/wook/FinalCode/Deep_pkgAA/build/deepracer_interfaces_pkg/rosidl_adapter/deepracer_interfaces_pkg/srv/SetCalibrationSrv.idl",
    "/media/deepracer/wook/FinalCode/Deep_pkgAA/build/deepracer_interfaces_pkg/rosidl_adapter/deepracer_interfaces_pkg/srv/ServoGPIOSrv.idl",
    "/media/deepracer/wook/FinalCode/Deep_pkgAA/build/deepracer_interfaces_pkg/rosidl_adapter/deepracer_interfaces_pkg/srv/SetLedCtrlSrv.idl",
    "/media/deepracer/wook/FinalCode/Deep_pkgAA/build/deepracer_interfaces_pkg/rosidl_adapter/deepracer_interfaces_pkg/srv/SetStatusLedBlinkSrv.idl",
    "/media/deepracer/wook/FinalCode/Deep_pkgAA/build/deepracer_interfaces_pkg/rosidl_adapter/deepracer_interfaces_pkg/srv/SetStatusLedSolidSrv.idl",
    "/media/deepracer/wook/FinalCode/Deep_pkgAA/build/deepracer_interfaces_pkg/rosidl_adapter/deepracer_interfaces_pkg/srv/SoftwareUpdateCheckSrv.idl",
    "/media/deepracer/wook/FinalCode/Deep_pkgAA/build/deepracer_interfaces_pkg/rosidl_adapter/deepracer_interfaces_pkg/srv/SoftwareUpdateStateSrv.idl",
    "/media/deepracer/wook/FinalCode/Deep_pkgAA/build/deepracer_interfaces_pkg/rosidl_adapter/deepracer_interfaces_pkg/srv/USBFileSystemSubscribeSrv.idl",
    "/media/deepracer/wook/FinalCode/Deep_pkgAA/build/deepracer_interfaces_pkg/rosidl_adapter/deepracer_interfaces_pkg/srv/USBMountPointManagerSrv.idl",
    "/media/deepracer/wook/FinalCode/Deep_pkgAA/build/deepracer_interfaces_pkg/rosidl_adapter/deepracer_interfaces_pkg/srv/VerifyModelReadySrv.idl",
    "/media/deepracer/wook/FinalCode/Deep_pkgAA/build/deepracer_interfaces_pkg/rosidl_adapter/deepracer_interfaces_pkg/srv/VideoStateSrv.idl",
    "/media/deepracer/wook/FinalCode/Deep_pkgAA/build/deepracer_interfaces_pkg/rosidl_adapter/deepracer_interfaces_pkg/srv/GetCtrlModesSrv.idl",
    "/opt/ros/foxy/share/builtin_interfaces/msg/Duration.idl",
    "/opt/ros/foxy/share/builtin_interfaces/msg/Time.idl",
    "/opt/ros/foxy/share/std_msgs/msg/Bool.idl",
    "/opt/ros/foxy/share/std_msgs/msg/Byte.idl",
    "/opt/ros/foxy/share/std_msgs/msg/ByteMultiArray.idl",
    "/opt/ros/foxy/share/std_msgs/msg/Char.idl",
    "/opt/ros/foxy/share/std_msgs/msg/ColorRGBA.idl",
    "/opt/ros/foxy/share/std_msgs/msg/Empty.idl",
    "/opt/ros/foxy/share/std_msgs/msg/Float32.idl",
    "/opt/ros/foxy/share/std_msgs/msg/Float32MultiArray.idl",
    "/opt/ros/foxy/share/std_msgs/msg/Float64.idl",
    "/opt/ros/foxy/share/std_msgs/msg/Float64MultiArray.idl",
    "/opt/ros/foxy/share/std_msgs/msg/Header.idl",
    "/opt/ros/foxy/share/std_msgs/msg/Int16.idl",
    "/opt/ros/foxy/share/std_msgs/msg/Int16MultiArray.idl",
    "/opt/ros/foxy/share/std_msgs/msg/Int32.idl",
    "/opt/ros/foxy/share/std_msgs/msg/Int32MultiArray.idl",
    "/opt/ros/foxy/share/std_msgs/msg/Int64.idl",
    "/opt/ros/foxy/share/std_msgs/msg/Int64MultiArray.idl",
    "/opt/ros/foxy/share/std_msgs/msg/Int8.idl",
    "/opt/ros/foxy/share/std_msgs/msg/Int8MultiArray.idl",
    "/opt/ros/foxy/share/std_msgs/msg/MultiArrayDimension.idl",
    "/opt/ros/foxy/share/std_msgs/msg/MultiArrayLayout.idl",
    "/opt/ros/foxy/share/std_msgs/msg/String.idl",
    "/opt/ros/foxy/share/std_msgs/msg/UInt16.idl",
    "/opt/ros/foxy/share/std_msgs/msg/UInt16MultiArray.idl",
    "/opt/ros/foxy/share/std_msgs/msg/UInt32.idl",
    "/opt/ros/foxy/share/std_msgs/msg/UInt32MultiArray.idl",
    "/opt/ros/foxy/share/std_msgs/msg/UInt64.idl",
    "/opt/ros/foxy/share/std_msgs/msg/UInt64MultiArray.idl",
    "/opt/ros/foxy/share/std_msgs/msg/UInt8.idl",
    "/opt/ros/foxy/share/std_msgs/msg/UInt8MultiArray.idl",
    "/opt/ros/foxy/share/sensor_msgs/msg/BatteryState.idl",
    "/opt/ros/foxy/share/sensor_msgs/msg/CameraInfo.idl",
    "/opt/ros/foxy/share/sensor_msgs/msg/ChannelFloat32.idl",
    "/opt/ros/foxy/share/sensor_msgs/msg/CompressedImage.idl",
    "/opt/ros/foxy/share/sensor_msgs/msg/FluidPressure.idl",
    "/opt/ros/foxy/share/sensor_msgs/msg/Illuminance.idl",
    "/opt/ros/foxy/share/sensor_msgs/msg/Image.idl",
    "/opt/ros/foxy/share/sensor_msgs/msg/Imu.idl",
    "/opt/ros/foxy/share/sensor_msgs/msg/JointState.idl",
    "/opt/ros/foxy/share/sensor_msgs/msg/Joy.idl",
    "/opt/ros/foxy/share/sensor_msgs/msg/JoyFeedback.idl",
    "/opt/ros/foxy/share/sensor_msgs/msg/JoyFeedbackArray.idl",
    "/opt/ros/foxy/share/sensor_msgs/msg/LaserEcho.idl",
    "/opt/ros/foxy/share/sensor_msgs/msg/LaserScan.idl",
    "/opt/ros/foxy/share/sensor_msgs/msg/MagneticField.idl",
    "/opt/ros/foxy/share/sensor_msgs/msg/MultiDOFJointState.idl",
    "/opt/ros/foxy/share/sensor_msgs/msg/MultiEchoLaserScan.idl",
    "/opt/ros/foxy/share/sensor_msgs/msg/NavSatFix.idl",
    "/opt/ros/foxy/share/sensor_msgs/msg/NavSatStatus.idl",
    "/opt/ros/foxy/share/sensor_msgs/msg/PointCloud.idl",
    "/opt/ros/foxy/share/sensor_msgs/msg/PointCloud2.idl",
    "/opt/ros/foxy/share/sensor_msgs/msg/PointField.idl",
    "/opt/ros/foxy/share/sensor_msgs/msg/Range.idl",
    "/opt/ros/foxy/share/sensor_msgs/msg/RegionOfInterest.idl",
    "/opt/ros/foxy/share/sensor_msgs/msg/RelativeHumidity.idl",
    "/opt/ros/foxy/share/sensor_msgs/msg/Temperature.idl",
    "/opt/ros/foxy/share/sensor_msgs/msg/TimeReference.idl",
    "/opt/ros/foxy/share/sensor_msgs/srv/SetCameraInfo.idl",
    "/opt/ros/foxy/share/geometry_msgs/msg/Accel.idl",
    "/opt/ros/foxy/share/geometry_msgs/msg/AccelStamped.idl",
    "/opt/ros/foxy/share/geometry_msgs/msg/AccelWithCovariance.idl",
    "/opt/ros/foxy/share/geometry_msgs/msg/AccelWithCovarianceStamped.idl",
    "/opt/ros/foxy/share/geometry_msgs/msg/Inertia.idl",
    "/opt/ros/foxy/share/geometry_msgs/msg/InertiaStamped.idl",
    "/opt/ros/foxy/share/geometry_msgs/msg/Point.idl",
    "/opt/ros/foxy/share/geometry_msgs/msg/Point32.idl",
    "/opt/ros/foxy/share/geometry_msgs/msg/PointStamped.idl",
    "/opt/ros/foxy/share/geometry_msgs/msg/Polygon.idl",
    "/opt/ros/foxy/share/geometry_msgs/msg/PolygonStamped.idl",
    "/opt/ros/foxy/share/geometry_msgs/msg/Pose.idl",
    "/opt/ros/foxy/share/geometry_msgs/msg/Pose2D.idl",
    "/opt/ros/foxy/share/geometry_msgs/msg/PoseArray.idl",
    "/opt/ros/foxy/share/geometry_msgs/msg/PoseStamped.idl",
    "/opt/ros/foxy/share/geometry_msgs/msg/PoseWithCovariance.idl",
    "/opt/ros/foxy/share/geometry_msgs/msg/PoseWithCovarianceStamped.idl",
    "/opt/ros/foxy/share/geometry_msgs/msg/Quaternion.idl",
    "/opt/ros/foxy/share/geometry_msgs/msg/QuaternionStamped.idl",
    "/opt/ros/foxy/share/geometry_msgs/msg/Transform.idl",
    "/opt/ros/foxy/share/geometry_msgs/msg/TransformStamped.idl",
    "/opt/ros/foxy/share/geometry_msgs/msg/Twist.idl",
    "/opt/ros/foxy/share/geometry_msgs/msg/TwistStamped.idl",
    "/opt/ros/foxy/share/geometry_msgs/msg/TwistWithCovariance.idl",
    "/opt/ros/foxy/share/geometry_msgs/msg/TwistWithCovarianceStamped.idl",
    "/opt/ros/foxy/share/geometry_msgs/msg/Vector3.idl",
    "/opt/ros/foxy/share/geometry_msgs/msg/Vector3Stamped.idl",
    "/opt/ros/foxy/share/geometry_msgs/msg/Wrench.idl",
    "/opt/ros/foxy/share/geometry_msgs/msg/WrenchStamped.idl"
  ]
}
